timestamp,COavg,CH4avg,C2H5OHavg,H2avg,NH3avg,NO2avg,COmin,CH4min,C2H5OHmin,H2min,NH3min,NO2min,COmax,CH4max,C2H5OHmax,H2max,NH3max,NO2max
4960,730.43,25000.00,310.22,576.24,447.22,0.00,728.84,25000.00,309.09,573.77,446.79,0.00,732.01,25000.00,311.34,578.71,447.64,0.00
4970,735.19,25000.00,313.60,583.66,448.50,0.00,735.19,25000.00,313.60,583.66,448.50,0.00,735.19,25000.00,313.60,583.66,448.50,0.00
4980,729.63,25000.00,309.65,575.00,447.00,0.00,725.67,25000.00,306.83,568.83,445.93,0.00,732.01,25000.00,311.34,578.71,447.64,0.00
4990,719.32,25000.00,302.32,558.94,444.22,0.00,719.32,25000.00,302.32,558.94,444.22,0.00,719.32,25000.00,302.32,558.94,444.22,0.00
5000,726.46,25000.00,307.40,570.06,446.14,0.00,725.67,25000.00,306.83,568.83,445.93,0.00,728.84,25000.00,309.09,573.77,446.79,0.00
5010,735.19,25000.00,313.60,583.66,448.50,0.00,735.19,25000.00,313.60,583.66,448.50,0.00,735.19,25000.00,313.60,583.66,448.50,0.00
5020,733.60,25000.00,312.47,581.18,448.07,0.00,732.01,25000.00,311.34,578.71,447.64,0.00,735.19,25000.00,313.60,583.66,448.50,0.00
5030,731.22,25000.00,310.78,577.48,447.64,0.00,728.84,25000.00,309.09,573.77,447.64,0.00,732.01,25000.00,311.34,578.71,447.64,0.00
5040,734.39,25000.00,313.03,582.42,448.29,0.00,732.01,25000.00,311.34,578.71,447.64,0.00,735.19,25000.00,313.60,583.66,448.50,0.00
5050,732.81,25000.00,311.91,579.95,447.86,0.00,732.01,25000.00,311.34,578.71,447.64,0.00,735.19,25000.00,313.60,583.66,448.50,0.00
5060,736.77,25000.00,314.73,586.13,448.93,0.00,735.19,25000.00,313.60,583.66,448.50,0.00,738.36,25000.00,315.85,588.60,449.36,0.00
5070,738.36,25000.00,315.85,588.60,449.36,0.00,738.36,25000.00,315.85,588.60,449.36,0.00,738.36,25000.00,315.85,588.60,449.36,0.00
5080,738.36,25000.00,315.85,588.60,449.36,0.00,738.36,25000.00,315.85,588.60,449.36,0.00,738.36,25000.00,315.85,588.60,449.36,0.00
5090,735.19,25000.00,313.60,583.66,448.50,0.00,735.19,25000.00,313.60,583.66,448.50,0.00,735.19,25000.00,313.60,583.66,448.50,0.00
5100,737.57,25000.00,315.29,587.36,449.14,0.00,735.19,25000.00,313.60,583.66,448.50,0.00,738.36,25000.00,315.85,588.60,449.36,0.00
5110,741.53,25000.00,318.11,593.54,450.21,0.00,741.53,25000.00,318.11,593.54,450.21,0.00,741.53,25000.00,318.11,593.54,450.21,0.00
5120,741.53,25000.00,318.11,593.54,450.21,0.00,741.53,25000.00,318.11,593.54,450.21,0.00,741.53,25000.00,318.11,593.54,450.21,0.00
5130,739.15,25000.00,316.42,589.84,449.57,0.00,738.36,25000.00,315.85,588.60,449.36,0.00,741.53,25000.00,318.11,593.54,450.21,0.00
5140,741.53,25000.00,318.11,593.54,450.21,0.00,741.53,25000.00,318.11,593.54,450.21,0.00,741.53,25000.00,318.11,593.54,450.21,0.00
5150,741.53,25000.00,318.11,593.54,450.21,0.00,741.53,25000.00,318.11,593.54,450.21,0.00,741.53,25000.00,318.11,593.54,450.21,0.00
5160,738.36,25000.00,315.85,588.60,449.36,0.00,738.36,25000.00,315.85,588.60,449.36,0.00,738.36,25000.00,315.85,588.60,449.36,0.00
5170,740.74,25000.00,317.54,592.31,450.00,0.00,738.36,25000.00,315.85,588.60,449.36,0.00,741.53,25000.00,318.11,593.54,450.21,0.00
5180,742.33,25000.00,318.67,594.78,450.43,0.00,741.53,25000.00,318.11,593.54,450.21,0.00,744.71,25000.00,320.36,598.49,451.07,0.00
5190,737.57,25000.00,315.29,587.36,449.14,0.00,735.19,25000.00,313.60,583.66,448.50,0.00,738.36,25000.00,315.85,588.60,449.36,0.00
5200,738.36,25000.00,315.85,588.60,449.36,0.00,738.36,25000.00,315.85,588.60,449.36,0.00,738.36,25000.00,315.85,588.60,449.36,0.00
5210,735.98,25000.00,314.16,584.89,448.71,0.00,735.19,25000.00,313.60,583.66,448.50,0.00,738.36,25000.00,315.85,588.60,449.36,0.00
5220,735.19,25000.00,313.60,583.66,448.50,0.00,735.19,25000.00,313.60,583.66,448.50,0.00,735.19,25000.00,313.60,583.66,448.50,0.00
5230,728.84,25000.00,309.09,573.77,446.79,0.00,728.84,25000.00,309.09,573.77,446.79,0.00,728.84,25000.00,309.09,573.77,446.79,0.00
5240,736.77,25000.00,314.73,586.13,448.93,0.00,735.19,25000.00,313.60,583.66,448.50,0.00,738.36,25000.00,315.85,588.60,449.36,0.00
5250,735.98,25000.00,314.16,584.89,448.71,0.00,735.19,25000.00,313.60,583.66,448.50,0.00,738.36,25000.00,315.85,588.60,449.36,0.00
5260,735.19,25000.00,313.60,583.66,448.50,0.00,735.19,25000.00,313.60,583.66,448.50,0.00,735.19,25000.00,313.60,583.66,448.50,0.00
5270,730.43,25000.00,310.22,576.24,447.22,0.00,728.84,25000.00,309.09,573.77,446.79,0.00,732.01,25000.00,311.34,578.71,447.64,0.00
5280,304.36,21054.99,46.30,61.87,332.18,0.00,157.57,18470.33,24.96,247.49,292.54,0.00,519.38,24841.18,160.26,247.49,390.23,0.00
5290,605.86,25000.00,221.71,382.20,413.58,0.00,592.37,25000.00,212.12,361.19,409.94,0.00,617.76,25000.00,230.16,400.74,416.80,0.00
4630,728.05,25000.00,308.52,572.53,446.57,0.00,725.67,25000.00,306.83,568.83,445.93,0.00,728.84,25000.00,309.09,573.77,446.79,0.00
4640,732.01,25000.00,311.34,578.71,447.64,0.00,732.01,25000.00,311.34,578.71,447.64,0.00,732.01,25000.00,311.34,578.71,447.64,0.00
4650,737.57,25000.00,315.29,587.36,449.14,0.00,735.19,25000.00,313.60,583.66,448.50,0.00,738.36,25000.00,315.85,588.60,449.36,0.00
4660,738.36,25000.00,315.85,588.60,449.36,0.00,738.36,25000.00,315.85,588.60,449.36,0.00,738.36,25000.00,315.85,588.60,449.36,0.00
4670,738.36,25000.00,315.85,588.60,449.36,0.00,738.36,25000.00,315.85,588.60,449.36,0.00,738.36,25000.00,315.85,588.60,449.36,0.00
4680,738.36,25000.00,315.85,588.60,449.36,0.00,738.36,25000.00,315.85,588.60,449.36,0.00,738.36,25000.00,315.85,588.60,449.36,0.00
4690,738.36,25000.00,315.85,588.60,449.36,0.00,738.36,25000.00,315.85,588.60,449.36,0.00,738.36,25000.00,315.85,588.60,449.36,0.00
4700,738.36,25000.00,315.85,588.60,449.36,0.00,738.36,25000.00,315.85,588.60,449.36,0.00,738.36,25000.00,315.85,588.60,449.36,0.00
4710,740.74,25000.00,317.54,592.31,450.00,0.00,738.36,25000.00,315.85,588.60,449.36,0.00,741.53,25000.00,318.11,593.54,450.21,0.00
4720,743.12,25000.00,319.24,596.02,450.64,0.00,741.53,25000.00,318.11,593.54,450.21,0.00,744.71,25000.00,320.36,598.49,451.07,0.00
4730,744.71,25000.00,320.36,598.49,451.07,0.00,744.71,25000.00,320.36,598.49,451.07,0.00,744.71,25000.00,320.36,598.49,451.07,0.00
4740,743.12,25000.00,319.24,596.02,450.64,0.00,741.53,25000.00,318.11,593.54,450.21,0.00,744.71,25000.00,320.36,598.49,451.07,0.00
4750,741.53,25000.00,318.11,593.54,450.21,0.00,741.53,25000.00,318.11,593.54,450.21,0.00,741.53,25000.00,318.11,593.54,450.21,0.00
4760,739.15,25000.00,316.42,589.84,449.57,0.00,738.36,25000.00,315.85,588.60,449.36,0.00,741.53,25000.00,318.11,593.54,450.21,0.00
4770,731.22,25000.00,310.78,577.48,447.43,0.00,728.84,25000.00,309.09,573.77,446.79,0.00,732.01,25000.00,311.34,578.71,447.64,0.00
4780,738.36,25000.00,315.85,588.60,449.36,0.00,738.36,25000.00,315.85,588.60,449.36,0.00,738.36,25000.00,315.85,588.60,449.36,0.00
4790,741.53,25000.00,318.11,593.54,450.21,0.00,741.53,25000.00,318.11,593.54,450.21,0.00,741.53,25000.00,318.11,593.54,450.21,0.00
4800,738.36,25000.00,315.85,588.60,449.36,0.00,738.36,25000.00,315.85,588.60,449.36,0.00,738.36,25000.00,315.85,588.60,449.36,0.00
4810,734.39,25000.00,313.03,582.42,448.29,0.00,732.01,25000.00,311.34,578.71,447.64,0.00,735.19,25000.00,313.60,583.66,448.50,0.00
4820,736.77,25000.00,314.73,586.13,448.93,0.00,735.19,25000.00,313.60,583.66,448.50,0.00,738.36,25000.00,315.85,588.60,449.36,0.00
4830,738.36,25000.00,315.85,588.60,449.36,0.00,738.36,25000.00,315.85,588.60,449.36,0.00,738.36,25000.00,315.85,588.60,449.36,0.00
4840,734.39,25000.00,313.03,582.42,448.29,0.00,732.01,25000.00,311.34,578.71,447.64,0.00,735.19,25000.00,313.60,583.66,448.50,0.00
4850,732.01,25000.00,311.34,578.71,447.64,0.00,732.01,25000.00,311.34,578.71,447.64,0.00,732.01,25000.00,311.34,578.71,447.64,0.00
4860,738.36,25000.00,315.85,588.60,449.36,0.00,738.36,25000.00,315.85,588.60,449.36,0.00,738.36,25000.00,315.85,588.60,449.36,0.00
4870,735.19,25000.00,313.60,583.66,448.50,0.00,735.19,25000.00,313.60,583.66,448.50,0.00,735.19,25000.00,313.60,583.66,448.50,0.00
4880,738.36,25000.00,315.85,588.60,449.36,0.00,738.36,25000.00,315.85,588.60,449.36,0.00,738.36,25000.00,315.85,588.60,449.36,0.00
4890,738.36,25000.00,315.85,588.60,449.36,0.00,738.36,25000.00,315.85,588.60,449.36,0.00,738.36,25000.00,315.85,588.60,449.36,0.00
4900,737.57,25000.00,315.29,587.36,449.14,0.00,735.19,25000.00,313.60,583.66,448.50,0.00,738.36,25000.00,315.85,588.60,449.36,0.00
4910,728.84,25000.00,309.09,573.77,446.79,0.00,728.84,25000.00,309.09,573.77,446.79,0.00,728.84,25000.00,309.09,573.77,446.79,0.00
4920,731.22,25000.00,311.34,578.71,447.64,0.00,728.84,25000.00,311.34,578.71,447.64,0.00,732.01,25000.00,311.34,578.71,447.64,0.00
4930,728.84,25000.00,309.09,573.77,446.79,0.00,728.84,25000.00,309.09,573.77,446.79,0.00,728.84,25000.00,309.09,573.77,446.79,0.00
4940,732.01,25000.00,311.34,578.71,447.64,0.00,732.01,25000.00,311.34,578.71,447.64,0.00,732.01,25000.00,311.34,578.71,447.64,0.00
4950,735.19,25000.00,313.60,583.66,448.50,0.00,735.19,25000.00,313.60,583.66,448.50,0.00,735.19,25000.00,313.60,583.66,448.50,0.00
4350,703.45,25000.00,291.05,534.22,439.93,0.00,703.45,25000.00,291.05,534.22,439.93,0.00,703.45,25000.00,291.05,534.22,439.93,0.00
4360,711.38,25000.00,296.69,545.34,441.86,0.00,709.80,25000.00,295.56,544.11,441.65,0.00,712.97,25000.00,297.81,549.05,442.50,0.00
4370,719.32,25000.00,302.32,558.94,444.22,0.00,719.32,25000.00,302.32,558.94,444.22,0.00,719.32,25000.00,302.32,558.94,444.22,0.00
4380,711.38,25000.00,296.69,546.58,442.07,0.00,709.80,25000.00,295.56,544.11,441.65,0.00,712.97,25000.00,297.81,549.05,442.50,0.00
4390,716.14,25000.00,300.07,553.99,443.36,0.00,716.14,25000.00,300.07,553.99,443.36,0.00,716.14,25000.00,300.07,553.99,443.36,0.00
4400,722.49,25000.00,304.58,563.88,445.07,0.00,722.49,25000.00,304.58,563.88,445.07,0.00,722.49,25000.00,304.58,563.88,445.07,0.00
4410,720.91,25000.00,303.45,561.41,444.64,0.00,719.32,25000.00,302.32,558.94,444.22,0.00,722.49,25000.00,304.58,563.88,445.07,0.00
4420,716.94,25000.00,300.63,555.23,443.57,0.00,716.14,25000.00,300.07,553.99,443.36,0.00,719.32,25000.00,302.32,558.94,444.22,0.00
4430,724.87,25000.00,306.27,567.59,445.72,0.00,722.49,25000.00,304.58,563.88,445.07,0.00,725.67,25000.00,306.83,568.83,445.93,0.00
4440,722.49,25000.00,304.58,563.88,445.07,0.00,722.49,25000.00,304.58,563.88,445.07,0.00,722.49,25000.00,304.58,563.88,445.07,0.00
4450,718.52,25000.00,301.76,557.70,444.00,0.00,716.14,25000.00,300.07,553.99,443.36,0.00,719.32,25000.00,302.32,558.94,444.22,0.00
4460,723.29,25000.00,305.14,565.12,445.29,0.00,722.49,25000.00,304.58,563.88,445.07,0.00,725.67,25000.00,306.83,568.83,445.93,0.00
4470,730.43,25000.00,310.22,576.24,447.43,0.00,728.84,25000.00,309.09,573.77,446.79,0.00,732.01,25000.00,311.34,578.71,447.64,0.00
4480,735.19,25000.00,313.60,583.66,448.50,0.00,735.19,25000.00,313.60,583.66,448.50,0.00,735.19,25000.00,313.60,583.66,448.50,0.00
4490,735.19,25000.00,313.60,583.66,448.50,0.00,735.19,25000.00,313.60,583.66,448.50,0.00,735.19,25000.00,313.60,583.66,448.50,0.00
4500,728.84,25000.00,309.09,573.77,446.79,0.00,728.84,25000.00,309.09,573.77,446.79,0.00,728.84,25000.00,309.09,573.77,446.79,0.00
4510,732.81,25000.00,311.91,579.95,447.86,0.00,732.01,25000.00,311.34,578.71,447.64,0.00,735.19,25000.00,313.60,583.66,448.50,0.00
4520,735.19,25000.00,313.60,583.66,448.50,0.00,735.19,25000.00,313.60,583.66,448.50,0.00,735.19,25000.00,313.60,583.66,448.50,0.00
4530,735.19,25000.00,313.60,583.66,448.50,0.00,735.19,25000.00,313.60,583.66,448.50,0.00,735.19,25000.00,313.60,583.66,448.50,0.00
4540,737.57,25000.00,315.29,587.36,449.14,0.00,735.19,25000.00,313.60,583.66,448.50,0.00,738.36,25000.00,315.85,588.60,449.36,0.00
4550,738.36,25000.00,315.85,588.60,449.36,0.00,738.36,25000.00,315.85,588.60,449.36,0.00,738.36,25000.00,315.85,588.60,449.36,0.00
4560,732.81,25000.00,311.91,579.95,447.86,0.00,732.01,25000.00,311.34,578.71,447.64,0.00,735.19,25000.00,313.60,583.66,448.50,0.00
4570,735.19,25000.00,313.60,583.66,448.50,0.00,735.19,25000.00,313.60,583.66,448.50,0.00,735.19,25000.00,313.60,583.66,448.50,0.00
4580,735.19,25000.00,313.60,583.66,448.50,0.00,735.19,25000.00,313.60,583.66,448.50,0.00,735.19,25000.00,313.60,583.66,448.50,0.00
4590,735.19,25000.00,313.60,583.66,448.50,0.00,735.19,25000.00,313.60,583.66,448.50,0.00,735.19,25000.00,313.60,583.66,448.50,0.00
4600,738.36,25000.00,315.85,588.60,449.36,0.00,738.36,25000.00,315.85,588.60,449.36,0.00,738.36,25000.00,315.85,588.60,449.36,0.00
4610,738.36,25000.00,315.85,588.60,449.36,0.00,738.36,25000.00,315.85,588.60,449.36,0.00,738.36,25000.00,315.85,588.60,449.36,0.00
4620,735.19,25000.00,313.60,583.66,448.50,0.00,735.19,25000.00,313.60,583.66,448.50,0.00,735.19,25000.00,313.60,583.66,448.50,0.00
4020,691.55,25000.00,282.59,515.68,436.72,0.00,690.76,25000.00,282.03,514.45,436.50,0.00,693.93,25000.00,284.28,519.39,437.36,0.00
4030,701.86,25000.00,289.92,531.75,439.50,0.00,700.28,25000.00,288.79,529.28,439.07,0.00,703.45,25000.00,291.05,534.22,439.93,0.00
4040,703.45,25000.00,291.05,534.22,439.93,0.00,703.45,25000.00,291.05,534.22,439.93,0.00,703.45,25000.00,291.05,534.22,439.93,0.00
4050,705.04,25000.00,292.18,536.69,440.36,0.00,703.45,25000.00,291.05,534.22,439.93,0.00,706.62,25000.00,293.30,539.16,440.79,0.00
4060,706.62,25000.00,293.30,539.16,440.79,0.00,706.62,25000.00,293.30,539.16,440.79,0.00,706.62,25000.00,293.30,539.16,440.79,0.00
4070,712.97,25000.00,297.81,549.05,442.50,0.00,712.97,25000.00,297.81,549.05,442.50,0.00,712.97,25000.00,297.81,549.05,442.50,0.00
4080,717.73,25000.00,301.20,556.47,443.79,0.00,716.14,25000.00,300.07,553.99,443.36,0.00,719.32,25000.00,302.32,558.94,444.22,0.00
4090,719.32,25000.00,302.32,558.94,444.22,0.00,719.32,25000.00,302.32,558.94,444.22,0.00,719.32,25000.00,302.32,558.94,444.22,0.00
4100,712.18,25000.00,297.25,547.81,442.29,0.00,709.80,25000.00,295.56,544.11,441.65,0.00,712.97,25000.00,297.81,549.05,442.50,0.00
4110,703.45,25000.00,291.05,534.22,439.93,0.00,703.45,25000.00,291.05,534.22,439.93,0.00,703.45,25000.00,291.05,534.22,439.93,0.00
4120,706.62,25000.00,293.30,539.16,440.79,0.00,706.62,25000.00,293.30,539.16,440.79,0.00,706.62,25000.00,293.30,539.16,440.79,0.00
4130,699.48,25000.00,288.23,528.04,438.86,0.00,697.10,25000.00,286.54,524.33,438.22,0.00,700.28,25000.00,288.79,529.28,439.07,0.00
4140,703.45,25000.00,291.05,534.22,439.93,0.00,703.45,25000.00,291.05,534.22,439.93,0.00,703.45,25000.00,291.05,534.22,439.93,0.00
4150,712.97,25000.00,297.81,549.05,442.50,0.00,712.97,25000.00,297.81,549.05,442.50,0.00,712.97,25000.00,297.81,549.05,442.50,0.00
4160,710.59,25000.00,296.12,545.34,441.86,0.00,709.80,25000.00,295.56,544.11,441.65,0.00,712.97,25000.00,297.81,549.05,442.50,0.00
4170,716.14,25000.00,300.07,553.99,443.36,0.00,716.14,25000.00,300.07,553.99,443.36,0.00,716.14,25000.00,300.07,553.99,443.36,0.00
4180,720.91,25000.00,303.45,561.41,444.64,0.00,719.32,25000.00,302.32,558.94,444.22,0.00,722.49,25000.00,304.58,563.88,445.07,0.00
4190,715.35,25000.00,299.50,552.76,443.14,0.00,712.97,25000.00,297.81,549.05,442.50,0.00,716.14,25000.00,300.07,553.99,443.36,0.00
4200,701.86,25000.00,289.92,531.75,439.50,0.00,700.28,25000.00,288.79,529.28,439.07,0.00,703.45,25000.00,291.05,534.22,439.93,0.00
4210,702.66,25000.00,290.48,532.98,439.72,0.00,700.28,25000.00,288.79,529.28,439.07,0.00,703.45,25000.00,291.05,534.22,439.93,0.00
4220,702.66,25000.00,290.48,532.98,439.72,0.00,700.28,25000.00,288.79,529.28,439.07,0.00,703.45,25000.00,291.05,534.22,439.93,0.00
4230,700.28,25000.00,288.79,529.28,439.07,0.00,700.28,25000.00,288.79,529.28,439.07,0.00,700.28,25000.00,288.79,529.28,439.07,0.00
4240,704.24,25000.00,291.61,535.46,440.15,0.00,703.45,25000.00,291.05,534.22,439.93,0.00,706.62,25000.00,293.30,539.16,440.79,0.00
4250,703.45,25000.00,291.05,534.22,439.93,0.00,703.45,25000.00,291.05,534.22,439.93,0.00,703.45,25000.00,291.05,534.22,439.93,0.00
4260,703.45,25000.00,291.05,534.22,439.93,0.00,700.28,25000.00,288.79,529.28,439.07,0.00,706.62,25000.00,293.30,539.16,440.79,0.00
4270,706.62,25000.00,293.30,539.16,440.79,0.00,706.62,25000.00,293.30,539.16,440.79,0.00,706.62,25000.00,293.30,539.16,440.79,0.00
4280,707.42,25000.00,293.87,540.40,441.00,0.00,706.62,25000.00,293.30,539.16,440.79,0.00,709.80,25000.00,295.56,544.11,441.65,0.00
4290,707.42,25000.00,293.87,540.40,441.00,0.00,706.62,25000.00,293.30,539.16,440.79,0.00,709.80,25000.00,295.56,544.11,441.65,0.00
4300,705.83,25000.00,292.74,537.93,440.57,0.00,703.45,25000.00,291.05,534.22,439.93,0.00,706.62,25000.00,293.30,539.16,440.79,0.00
4310,714.56,25000.00,298.94,551.52,442.72,0.00,712.97,25000.00,297.81,549.05,442.50,0.00,716.14,25000.00,300.07,553.99,443.36,0.00
4320,712.18,25000.00,297.25,547.81,442.29,0.00,709.80,25000.00,295.56,544.11,441.65,0.00,712.97,25000.00,297.81,549.05,442.50,0.00
4330,716.94,25000.00,300.63,555.23,443.57,0.00,716.14,25000.00,300.07,553.99,443.36,0.00,719.32,25000.00,302.32,558.94,444.22,0.00
4340,709.80,25000.00,295.56,544.11,441.65,0.00,709.80,25000.00,295.56,544.11,441.65,0.00,709.80,25000.00,295.56,544.11,441.65,0.00
3690,703.45,25000.00,291.05,534.22,439.93,0.00,703.45,25000.00,291.05,534.22,439.93,0.00,703.45,25000.00,291.05,534.22,439.93,0.00
3700,702.66,25000.00,290.48,532.98,439.72,0.00,700.28,25000.00,288.79,529.28,439.07,0.00,703.45,25000.00,291.05,534.22,439.93,0.00
3710,701.07,25000.00,289.36,530.51,439.29,0.00,700.28,25000.00,288.79,529.28,439.07,0.00,703.45,25000.00,291.05,534.22,439.93,0.00
3720,701.07,25000.00,289.36,529.28,439.07,0.00,700.28,25000.00,288.79,529.28,439.07,0.00,703.45,25000.00,291.05,529.28,439.07,0.00
3730,691.55,25000.00,282.59,515.68,436.72,0.00,687.58,25000.00,279.77,509.50,435.65,0.00,693.93,25000.00,284.28,519.39,437.36,0.00
3740,687.58,25000.00,279.77,509.50,435.65,0.00,684.41,25000.00,277.52,504.56,434.79,0.00,690.76,25000.00,282.03,514.45,436.50,0.00
3750,666.95,25000.00,265.12,477.37,430.08,0.00,665.37,25000.00,263.99,474.90,429.65,0.00,668.54,25000.00,266.24,479.84,430.51,0.00
3760,656.64,25000.00,257.79,461.30,427.29,0.00,655.84,25000.00,257.22,460.07,427.08,0.00,659.02,25000.00,259.48,465.01,427.93,0.00
3770,662.99,25000.00,262.30,471.19,429.01,0.00,662.19,25000.00,261.73,469.95,428.79,0.00,665.37,25000.00,263.99,474.90,429.65,0.00
3780,664.57,25000.00,263.42,473.66,429.43,0.00,662.19,25000.00,261.73,469.95,428.79,0.00,665.37,25000.00,263.99,474.90,429.65,0.00
3790,665.37,25000.00,263.99,474.90,429.65,0.00,665.37,25000.00,263.99,474.90,429.65,0.00,665.37,25000.00,263.99,474.90,429.65,0.00
3800,666.95,25000.00,265.12,479.84,430.51,0.00,665.37,25000.00,263.99,479.84,430.51,0.00,668.54,25000.00,266.24,479.84,430.51,0.00
3810,674.09,25000.00,270.19,488.49,432.01,0.00,671.71,25000.00,268.50,484.78,431.36,0.00,674.89,25000.00,270.75,489.73,432.22,0.00
3820,678.06,25000.00,273.01,494.67,433.08,0.00,678.06,25000.00,273.01,494.67,433.08,0.00,678.06,25000.00,273.01,494.67,433.08,0.00
3830,678.06,25000.00,273.01,494.67,433.08,0.00,678.06,25000.00,273.01,494.67,433.08,0.00,678.06,25000.00,273.01,494.67,433.08,0.00
3840,687.58,25000.00,279.77,509.50,435.65,0.00,687.58,25000.00,279.77,509.50,435.65,0.00,687.58,25000.00,279.77,509.50,435.65,0.00
3850,697.10,25000.00,286.54,524.33,438.22,0.00,697.10,25000.00,286.54,524.33,438.22,0.00,697.10,25000.00,286.54,524.33,438.22,0.00
3860,697.10,25000.00,286.54,524.33,438.22,0.00,697.10,25000.00,286.54,524.33,438.22,0.00,697.10,25000.00,286.54,524.33,438.22,0.00
3870,700.28,25000.00,288.79,529.28,439.07,0.00,700.28,25000.00,288.79,529.28,439.07,0.00,700.28,25000.00,288.79,529.28,439.07,0.00
3880,674.89,25000.00,270.75,489.73,432.22,0.00,671.71,25000.00,268.50,484.78,431.36,0.00,678.06,25000.00,273.01,494.67,433.08,0.00
3890,684.41,25000.00,277.52,504.56,434.79,0.00,684.41,25000.00,277.52,504.56,434.79,0.00,684.41,25000.00,277.52,504.56,434.79,0.00
3900,678.06,25000.00,273.01,494.67,433.08,0.00,678.06,25000.00,273.01,494.67,433.08,0.00,678.06,25000.00,273.01,494.67,433.08,0.00
3910,678.06,25000.00,273.01,494.67,433.08,0.00,678.06,25000.00,273.01,494.67,433.08,0.00,678.06,25000.00,273.01,494.67,433.08,0.00
3920,679.65,25000.00,274.14,497.14,433.50,0.00,678.06,25000.00,273.01,494.67,433.08,0.00,681.23,25000.00,275.26,499.61,433.93,0.00
3930,670.92,25000.00,267.93,483.55,431.15,0.00,668.54,25000.00,266.24,479.84,430.51,0.00,671.71,25000.00,268.50,484.78,431.36,0.00
3940,655.84,25000.00,257.22,460.07,427.08,0.00,652.67,25000.00,254.97,455.12,426.22,0.00,659.02,25000.00,259.48,465.01,427.93,0.00
3950,684.41,25000.00,277.52,504.56,434.79,0.00,684.41,25000.00,277.52,504.56,434.79,0.00,684.41,25000.00,277.52,504.56,434.79,0.00
3960,684.41,25000.00,277.52,504.56,434.79,0.00,684.41,25000.00,277.52,504.56,434.79,0.00,684.41,25000.00,277.52,504.56,434.79,0.00
3970,672.51,25000.00,269.06,486.02,431.58,0.00,671.71,25000.00,268.50,484.78,431.36,0.00,674.89,25000.00,270.75,489.73,432.22,0.00
3980,678.85,25000.00,273.57,495.91,433.29,0.00,678.06,25000.00,273.01,494.67,433.08,0.00,681.23,25000.00,275.26,499.61,433.93,0.00
3990,674.89,25000.00,270.75,489.73,432.22,0.00,674.89,25000.00,270.75,489.73,432.22,0.00,674.89,25000.00,270.75,489.73,432.22,0.00
4000,679.65,25000.00,274.14,497.14,433.50,0.00,678.06,25000.00,273.01,494.67,433.08,0.00,681.23,25000.00,275.26,499.61,433.93,0.00
4010,687.58,25000.00,279.77,509.50,435.65,0.00,687.58,25000.00,279.77,509.50,435.65,0.00,687.58,25000.00,279.77,509.50,435.65,0.00
3370,541.59,25000.00,176.04,282.09,396.23,0.00,541.59,25000.00,176.04,282.09,396.23,0.00,541.59,25000.00,176.04,282.09,396.23,0.00
3380,544.76,25000.00,178.30,287.04,397.09,0.00,544.76,25000.00,178.30,287.04,397.09,0.00,544.76,25000.00,178.30,287.04,397.09,0.00
3390,547.15,25000.00,179.99,290.75,397.73,0.00,544.76,25000.00,178.30,287.04,397.09,0.00,547.94,25000.00,180.55,291.98,397.94,0.00
3400,533.66,25000.00,170.41,269.74,394.09,0.00,532.07,25000.00,169.28,267.26,393.66,0.00,535.24,25000.00,171.53,272.21,394.52,0.00
3410,519.38,24841.18,160.26,247.49,390.23,0.00,519.38,24841.18,160.26,247.49,390.23,0.00,519.38,24841.18,160.26,247.49,390.23,0.00
3420,533.66,25000.00,170.41,269.74,394.09,0.00,528.90,25000.00,167.02,262.32,392.80,0.00,538.42,25000.00,173.79,277.15,395.37,0.00
3430,536.04,25000.00,172.10,273.44,394.73,0.00,535.24,25000.00,171.53,272.21,394.52,0.00,538.42,25000.00,173.79,277.15,395.37,0.00
3440,121.35,17743.82,0.00,0.00,281.41,0.00,78.23,15340.79,0.00,0.00,244.56,0.00,240.09,19923.33,0.00,0.00,314.82,0.00
3450,498.75,24477.93,145.60,215.35,384.66,0.00,493.99,24394.10,142.22,207.94,383.38,0.00,503.51,24561.75,148.98,222.77,385.95,0.00
3460,543.18,25000.00,177.17,284.57,396.66,0.00,541.59,25000.00,176.04,282.09,396.23,0.00,544.76,25000.00,178.30,287.04,397.09,0.00
3470,565.39,25000.00,192.96,319.17,402.66,0.00,563.81,25000.00,191.83,316.70,402.23,0.00,566.98,25000.00,194.08,321.64,403.08,0.00
3480,586.02,25000.00,207.61,351.31,408.23,0.00,582.85,25000.00,205.36,346.36,407.37,0.00,589.20,25000.00,209.87,356.25,409.08,0.00
3490,608.24,25000.00,223.40,385.91,414.22,0.00,605.07,25000.00,221.14,380.97,413.37,0.00,611.41,25000.00,225.65,390.85,415.08,0.00
3500,624.11,25000.00,234.67,410.63,418.51,0.00,624.11,25000.00,234.67,410.63,418.51,0.00,624.11,25000.00,234.67,410.63,418.51,0.00
3510,633.63,25000.00,241.44,425.46,421.08,0.00,633.63,25000.00,241.44,425.46,421.08,0.00,633.63,25000.00,241.44,425.46,421.08,0.00
3520,643.15,25000.00,248.20,440.29,423.65,0.00,643.15,25000.00,248.20,440.29,423.65,0.00,643.15,25000.00,248.20,440.29,423.65,0.00
3530,648.70,25000.00,252.15,448.94,425.36,0.00,646.32,25000.00,250.46,445.23,425.36,0.00,649.50,25000.00,252.71,450.18,425.36,0.00
3540,652.67,25000.00,254.97,455.12,426.22,0.00,652.67,25000.00,254.97,455.12,426.22,0.00,652.67,25000.00,254.97,455.12,426.22,0.00
3550,659.81,25000.00,260.04,466.24,428.15,0.00,659.02,25000.00,259.48,465.01,427.93,0.00,662.19,25000.00,261.73,469.95,428.79,0.00
3560,663.78,25000.00,262.86,472.42,429.22,0.00,662.19,25000.00,261.73,469.95,428.79,0.00,665.37,25000.00,263.99,474.90,429.65,0.00
3570,677.27,25000.00,272.44,493.43,432.86,0.00,674.89,25000.00,270.75,489.73,432.22,0.00,678.06,25000.00,273.01,494.67,433.08,0.00
3580,684.41,25000.00,277.52,504.56,434.79,0.00,684.41,25000.00,277.52,504.56,434.79,0.00,684.41,25000.00,277.52,504.56,434.79,0.00
3590,684.41,25000.00,277.52,504.56,434.79,0.00,684.41,25000.00,277.52,504.56,434.79,0.00,684.41,25000.00,277.52,504.56,434.79,0.00
3600,688.37,25000.00,280.34,510.74,435.86,0.00,687.58,25000.00,279.77,509.50,435.65,0.00,690.76,25000.00,282.03,514.45,436.50,0.00
3610,684.41,25000.00,277.52,504.56,434.79,0.00,684.41,25000.00,277.52,504.56,434.79,0.00,684.41,25000.00,277.52,504.56,434.79,0.00
3620,689.17,25000.00,279.77,509.50,435.65,0.00,687.58,25000.00,279.77,509.50,435.65,0.00,690.76,25000.00,279.77,509.50,435.65,0.00
3630,689.96,25000.00,281.46,513.21,436.29,0.00,687.58,25000.00,279.77,509.50,435.65,0.00,690.76,25000.00,282.03,514.45,436.50,0.00
3640,692.34,25000.00,283.16,516.92,436.93,0.00,690.76,25000.00,282.03,514.45,436.50,0.00,693.93,25000.00,284.28,519.39,437.36,0.00
3650,697.10,25000.00,286.54,524.33,438.22,0.00,697.10,25000.00,286.54,524.33,438.22,0.00,697.10,25000.00,286.54,524.33,438.22,0.00
3660,702.66,25000.00,290.48,532.98,439.72,0.00,700.28,25000.00,288.79,529.28,439.07,0.00,703.45,25000.00,291.05,534.22,439.93,0.00
3670,698.69,25000.00,287.67,526.80,438.65,0.00,697.10,25000.00,286.54,524.33,438.22,0.00,700.28,25000.00,288.79,529.28,439.07,0.00
3680,697.10,25000.00,286.54,524.33,438.22,0.00,697.10,25000.00,286.54,524.33,438.22,0.00,697.10,25000.00,286.54,524.33,438.22,0.00
3080,557.46,25000.00,187.32,306.81,400.51,0.00,557.46,25000.00,187.32,306.81,400.51,0.00,557.46,25000.00,187.32,306.81,400.51,0.00
3090,551.11,25000.00,182.81,296.93,398.80,0.00,551.11,25000.00,182.81,296.93,398.80,0.00,551.11,25000.00,182.81,296.93,398.80,0.00
3100,554.29,25000.00,185.06,301.87,399.66,0.00,554.29,25000.00,185.06,301.87,399.66,0.00,554.29,25000.00,185.06,301.87,399.66,0.00
3110,545.56,25000.00,178.86,288.27,397.30,0.00,544.76,25000.00,178.30,287.04,397.09,0.00,547.94,25000.00,180.55,291.98,397.94,0.00
3120,558.25,25000.00,187.88,308.05,400.73,0.00,557.46,25000.00,187.32,306.81,400.51,0.00,560.63,25000.00,189.57,311.76,401.37,0.00
3130,554.29,25000.00,185.06,301.87,399.66,0.00,554.29,25000.00,185.06,301.87,399.66,0.00,554.29,25000.00,185.06,301.87,399.66,0.00
3140,551.91,25000.00,183.37,298.16,399.01,0.00,551.11,25000.00,182.81,296.93,398.80,0.00,554.29,25000.00,185.06,301.87,399.66,0.00
3150,559.05,25000.00,188.45,309.28,400.94,0.00,554.29,25000.00,185.06,301.87,399.66,0.00,563.81,25000.00,191.83,316.70,402.23,0.00
3160,548.73,25000.00,181.12,291.98,397.94,0.00,547.94,25000.00,180.55,291.98,397.94,0.00,551.11,25000.00,182.81,291.98,397.94,0.00
3170,533.66,25000.00,170.41,269.73,394.30,0.00,528.90,25000.00,167.02,262.32,393.66,0.00,538.42,25000.00,173.79,277.15,395.37,0.00
3180,527.31,24976.47,165.90,259.85,392.37,0.00,525.72,24952.95,164.77,257.38,391.95,0.00,528.90,25000.00,167.02,262.32,392.80,0.00
3190,542.38,25000.00,176.61,283.33,396.44,0.00,541.59,25000.00,176.04,282.09,396.23,0.00,544.76,25000.00,178.30,287.04,397.09,0.00
3200,543.97,25000.00,177.73,285.80,396.87,0.00,541.59,25000.00,176.04,282.09,396.23,0.00,544.76,25000.00,178.30,287.04,397.09,0.00
3210,538.42,25000.00,173.79,277.15,395.37,0.00,538.42,25000.00,173.79,277.15,395.37,0.00,538.42,25000.00,173.79,277.15,395.37,0.00
3220,543.97,25000.00,177.17,284.57,396.87,0.00,541.59,25000.00,176.04,282.09,396.23,0.00,544.76,25000.00,178.30,287.04,397.09,0.00
3230,541.59,25000.00,176.04,282.09,396.23,0.00,541.59,25000.00,176.04,282.09,396.23,0.00,541.59,25000.00,176.04,282.09,396.23,0.00
3240,535.24,25000.00,171.53,272.21,394.52,0.00,535.24,25000.00,171.53,272.21,394.52,0.00,535.24,25000.00,171.53,272.21,394.52,0.00
3250,552.70,25000.00,183.94,299.40,399.23,0.00,551.11,25000.00,182.81,296.93,398.80,0.00,554.29,25000.00,185.06,301.87,399.66,0.00
3260,532.07,25000.00,169.28,267.26,393.66,0.00,528.90,25000.00,167.02,262.32,392.80,0.00,535.24,25000.00,171.53,272.21,394.52,0.00
3270,557.46,25000.00,187.32,306.81,400.51,0.00,557.46,25000.00,187.32,306.81,400.51,0.00,557.46,25000.00,187.32,306.81,400.51,0.00
3280,530.48,24988.24,168.15,264.79,393.23,0.00,525.72,24952.95,164.77,257.38,391.95,0.00,535.24,25000.00,171.53,272.21,394.52,0.00
3290,528.90,24988.24,167.02,262.32,392.80,0.00,525.72,24952.95,164.77,257.38,391.95,0.00,532.07,25000.00,169.28,267.26,393.66,0.00
3300,540.00,25000.00,174.92,279.62,395.80,0.00,538.42,25000.00,173.79,277.15,395.37,0.00,541.59,25000.00,176.04,282.09,396.23,0.00
3310,496.37,24436.01,143.91,211.65,384.02,0.00,493.99,24394.10,142.22,207.94,383.38,0.00,497.16,24449.98,144.47,212.88,384.23,0.00
3320,508.27,24645.58,152.37,230.19,387.23,0.00,506.68,24617.64,151.24,227.71,386.80,0.00,509.85,24673.52,153.49,232.66,387.66,0.00
3330,517.00,24799.26,158.57,243.78,389.59,0.00,516.20,24785.29,158.00,242.54,389.37,0.00,519.38,24841.18,160.26,247.49,390.23,0.00
3340,527.31,24976.47,165.90,259.85,392.37,0.00,525.72,24952.95,164.77,257.38,391.95,0.00,528.90,25000.00,167.02,262.32,392.80,0.00
3350,529.69,25000.00,167.02,262.32,392.80,0.00,528.90,25000.00,167.02,262.32,392.80,0.00,532.07,25000.00,167.02,262.32,392.80,0.00
3360,540.80,25000.00,175.48,280.86,396.02,0.00,538.42,25000.00,173.79,277.15,395.37,0.00,544.76,25000.00,178.30,287.04,397.09,0.00
2760,512.23,24715.43,155.18,236.37,388.30,0.00,506.68,24617.64,151.24,227.71,386.80,0.00,519.38,24841.18,160.26,247.49,390.23,0.00
2770,526.52,24964.71,165.33,257.38,391.95,0.00,525.72,24952.95,164.77,257.38,391.95,0.00,528.90,25000.00,167.02,257.38,391.95,0.00
2780,520.17,24855.15,160.82,248.72,390.45,0.00,519.38,24841.18,160.26,247.49,390.23,0.00,522.55,24897.06,162.51,252.43,391.09,0.00
2790,522.55,24897.06,162.51,252.43,391.09,0.00,522.55,24897.06,162.51,252.43,391.09,0.00,522.55,24897.06,162.51,252.43,391.09,0.00
2800,522.55,24897.06,162.51,252.43,391.09,0.00,522.55,24897.06,162.51,252.43,391.09,0.00,522.55,24897.06,162.51,252.43,391.09,0.00
2810,520.17,24855.15,160.82,248.72,390.45,0.00,516.20,24785.29,158.00,242.54,389.37,0.00,522.55,24897.06,162.51,252.43,391.09,0.00
2820,543.18,25000.00,177.17,284.57,396.66,0.00,541.59,25000.00,176.04,282.09,396.23,0.00,544.76,25000.00,178.30,287.04,397.09,0.00
2830,540.00,25000.00,174.92,279.62,395.80,0.00,538.42,25000.00,173.79,277.15,395.37,0.00,541.59,25000.00,176.04,282.09,396.23,0.00
2840,532.07,25000.00,169.28,267.26,393.66,0.00,528.90,25000.00,167.02,262.32,392.80,0.00,535.24,25000.00,171.53,272.21,394.52,0.00
2850,517.79,24813.23,159.13,245.02,389.80,0.00,516.20,24785.29,158.00,242.54,389.37,0.00,519.38,24841.18,160.26,247.49,390.23,0.00
2860,544.76,25000.00,178.30,287.04,397.09,0.00,544.76,25000.00,178.30,287.04,397.09,0.00,544.76,25000.00,178.30,287.04,397.09,0.00
2870,543.97,25000.00,177.73,285.80,396.87,0.00,538.42,25000.00,173.79,277.15,395.37,0.00,547.94,25000.00,180.55,291.98,397.94,0.00
2880,500.33,24491.90,146.16,215.35,384.66,0.00,500.33,24449.98,144.47,212.88,384.23,0.00,500.33,24505.87,146.73,217.83,385.09,0.00
2890,526.52,24962.50,165.33,258.61,392.16,0.00,522.55,24897.06,162.51,252.43,391.09,0.00,528.90,25000.00,167.02,262.32,392.80,0.00
2900,510.65,24687.49,154.06,233.89,387.87,0.00,509.85,24673.52,153.49,232.66,387.66,0.00,513.03,24729.41,155.75,237.60,388.52,0.00
2910,489.23,24310.27,138.84,200.52,382.09,0.00,484.46,24226.45,135.45,193.11,380.81,0.00,493.99,24394.10,142.22,207.94,383.38,0.00
2920,515.41,24771.32,157.44,241.31,389.16,0.00,513.03,24729.41,155.75,237.60,388.52,0.00,516.20,24785.29,158.00,242.54,389.37,0.00
2930,488.43,24296.30,138.27,199.29,381.88,0.00,487.64,24282.33,137.71,198.05,381.66,0.00,490.81,24338.21,139.96,203.00,382.52,0.00
2940,502.71,24547.78,148.42,221.53,385.73,0.00,500.33,24505.87,146.73,217.83,385.09,0.00,503.51,24561.75,148.98,222.77,385.95,0.00
2950,519.38,24841.18,160.26,247.49,390.23,0.00,519.38,24841.18,160.26,247.49,390.23,0.00,519.38,24841.18,160.26,247.49,390.23,0.00
2960,531.28,25000.00,168.71,266.03,393.44,0.00,528.90,25000.00,167.02,262.32,392.80,0.00,532.07,25000.00,169.28,267.26,393.66,0.00
2970,532.86,25000.00,169.84,268.50,393.87,0.00,532.07,25000.00,169.28,267.26,393.66,0.00,535.24,25000.00,171.53,272.21,394.52,0.00
2980,530.48,25000.00,168.15,264.79,393.23,0.00,528.90,25000.00,167.02,262.32,392.80,0.00,532.07,25000.00,169.28,267.26,393.66,0.00
2990,520.96,24869.12,161.39,249.96,390.66,0.00,519.38,24841.18,160.26,247.49,390.23,0.00,522.55,24897.06,162.51,252.43,391.09,0.00
3000,523.34,24911.03,163.08,253.67,391.30,0.00,519.38,24841.18,160.26,247.49,390.23,0.00,525.72,24952.95,164.77,257.38,391.95,0.00
3010,509.85,24673.52,153.49,232.66,387.66,0.00,509.85,24673.52,153.49,232.66,387.66,0.00,509.85,24673.52,153.49,232.66,387.66,0.00
3020,524.14,24922.79,163.64,254.90,391.52,0.00,519.38,24841.18,160.26,247.49,390.23,0.00,528.90,25000.00,167.02,262.32,392.80,0.00
3030,546.35,25000.00,179.43,289.51,397.52,0.00,544.76,25000.00,178.30,287.04,397.09,0.00,547.94,25000.00,180.55,291.98,397.94,0.00
3040,544.76,25000.00,178.30,287.04,397.09,0.00,544.76,25000.00,178.30,287.04,397.09,0.00,544.76,25000.00,178.30,287.04,397.09,0.00
3050,545.56,25000.00,178.86,288.27,397.30,0.00,544.76,25000.00,178.30,287.04,397.09,0.00,547.94,25000.00,180.55,291.98,397.94,0.00
3060,544.76,25000.00,178.30,287.04,397.09,0.00,544.76,25000.00,178.30,287.04,397.09,0.00,544.76,25000.00,178.30,287.04,397.09,0.00
3070,551.91,25000.00,183.37,298.16,399.01,0.00,551.11,25000.00,182.81,296.93,398.80,0.00,554.29,25000.00,185.06,301.87,399.66,0.00
2520,370.21,22214.60,54.27,15.06,349.96,0.00,360.69,22046.94,47.51,15.14,347.39,0.00,376.56,22326.37,58.78,25.02,351.67,0.00
2530,429.72,23276.41,97.12,111.54,366.88,0.00,420.99,23108.75,90.35,94.24,363.67,0.00,443.21,23555.83,108.39,133.78,370.52,0.00
2540,501.92,24533.81,147.86,220.30,385.52,0.00,500.33,24505.87,146.73,217.83,385.09,0.00,503.51,24561.75,148.98,222.77,385.95,0.00
2550,501.92,24533.81,147.86,220.30,385.52,0.00,500.33,24505.87,146.73,217.83,385.09,0.00,503.51,24561.75,148.98,222.77,385.95,0.00
2560,501.92,24533.81,147.86,220.30,385.52,0.00,500.33,24505.87,146.73,217.83,385.09,0.00,503.51,24561.75,148.98,222.77,385.95,0.00
2570,503.51,24561.75,148.98,222.77,385.95,0.00,497.16,24449.98,144.47,212.88,384.23,0.00,509.85,24673.52,153.49,232.66,387.66,0.00
2580,497.16,24449.98,144.47,212.88,384.23,0.00,493.99,24394.10,142.22,207.94,383.38,0.00,500.33,24505.87,146.73,217.83,385.09,0.00
2590,484.46,24226.45,135.45,193.11,380.81,0.00,481.29,24170.56,133.20,188.16,379.95,0.00,487.64,24282.33,137.71,198.05,381.66,0.00
2600,485.26,24240.42,136.02,194.34,381.23,0.00,484.46,24226.45,135.45,193.11,380.81,0.00,487.64,24282.33,137.71,198.05,381.66,0.00
2610,501.13,24519.84,147.29,219.06,385.30,0.00,500.33,24505.87,146.73,217.83,385.09,0.00,503.51,24561.75,148.98,222.77,385.95,0.00
2620,527.31,24976.47,165.90,259.85,392.37,0.00,525.72,24952.95,164.77,257.38,391.95,0.00,528.90,25000.00,167.02,262.32,392.80,0.00
2630,516.20,24785.29,158.00,242.54,389.37,0.00,516.20,24785.29,158.00,242.54,389.37,0.00,516.20,24785.29,158.00,242.54,389.37,0.00
2640,509.85,24673.52,153.49,232.66,387.66,0.00,509.85,24673.52,153.49,232.66,387.66,0.00,509.85,24673.52,153.49,232.66,387.66,0.00
2650,512.23,24715.44,155.18,236.37,388.30,0.00,509.85,24673.52,153.49,232.66,387.66,0.00,513.03,24729.41,155.75,237.60,388.52,0.00
2660,514.61,24757.35,156.88,240.07,388.95,0.00,513.03,24729.41,155.75,237.60,388.52,0.00,516.20,24785.29,158.00,242.54,389.37,0.00
2670,524.93,24938.97,164.20,256.14,391.73,0.00,522.55,24897.06,162.51,252.43,391.09,0.00,525.72,24952.95,164.77,257.38,391.95,0.00
2680,540.80,25000.00,175.48,280.86,396.02,0.00,538.42,25000.00,173.79,277.15,395.37,0.00,541.59,25000.00,176.04,282.09,396.23,0.00
2690,515.41,24771.32,157.44,241.31,389.16,0.00,513.03,24729.41,155.75,237.60,388.52,0.00,519.38,24841.18,160.26,247.49,390.23,0.00
2700,523.34,24911.03,163.08,253.67,391.30,0.00,522.55,24897.06,162.51,252.43,391.09,0.00,525.72,24952.95,164.77,257.38,391.95,0.00
2710,539.21,25000.00,174.35,279.62,395.80,0.00,538.42,25000.00,173.79,277.15,395.37,0.00,541.59,25000.00,176.04,287.04,397.09,0.00
2720,523.34,24908.82,163.08,253.67,391.30,0.00,516.20,24785.29,158.00,242.54,389.37,0.00,528.90,25000.00,167.02,262.32,392.80,0.00
2730,487.64,24282.33,137.71,198.05,381.66,0.00,487.64,24282.33,137.71,198.05,381.66,0.00,487.64,24282.33,137.71,198.05,381.66,0.00
2740,494.78,24408.07,142.78,209.18,383.59,0.00,493.99,24394.10,142.22,207.94,383.38,0.00,497.16,24449.98,144.47,212.88,384.23,0.00
2750,484.46,24226.45,135.45,193.11,380.81,0.00,484.46,24226.45,135.45,193.11,380.81,0.00,484.46,24226.45,135.45,193.11,380.81,0.00
